	gene	pvalue
0	ATP6V1B1	0.5
0	CD163	0.5
0	DST	0.5
0	GLB1L2	0.5
0	KRT85	0.5
0	MTM1	0.5
0	MUC6	0.5
0	MYO5C	0.5
0	NACC2	0.5
0	PCDHGC3	0.5
0	PPM1G	0.5
0	RBM47	0.5
0	RUFY3	0.5
0	SCG2	0.5
0	SKI	0.5
0	THOC2	0.5
0	TMEM108	0.23975006109347674
0	TONSL	0.5
0	WDR81	0.5
0	ZCCHC6	0.5
0	ZNF445	0.5
0	ADAMTS4	0.5
0	AREG	0.5
0	ATMIN	0.5
0	C2orf78	0.5
0	CNOT2	0.5
0	DCST2	0.5
0	INS-IGF2	0.5
0	KHDC1L	0.5
0	KIF7	0.5
0	NLRP11	0.5
0	OR6F1	0.5
0	SRRM2	0.5
0	TBCC	0.5
0	ANKRD36	0.5
0	BBX	0.5
0	CCDC74A	0.5
0	DDX24	0.5
0	H2AFZ	0.5
0	MRPS12	0.5
0	NUDT9	0.5
0	PIK3C3	0.5
0	SMCO2	0.5
0	VWCE	0.5
0	CTH	0.5
0	DDC	0.5
0	DSG1	0.5
0	GIMAP8	0.5
0	GMFG	0.5
0	HMHA1	0.5
0	KRT84	0.5
0	NAA40	0.5
0	OASL	0.5
0	OSBP2	0.5
0	UBXN4	0.5
0	ZCCHC2	0.5
0	ALKBH2	0.5
0	ASIC3	0.23975006109347674
0	CACNA1A	0.12410653949496181
0	CFAP47	0.12410653949496181
0	CFAP74	0.5
0	CUBN	0.23975006109347674
0	FASTKD3	0.5
0	GAA	0.5
0	GPR27	0.23975006109347674
0	KRT20	0.5
0	MAPK7	0.5
0	MED17	0.5
0	MESDC1	0.23975006109347674
0	NMRK1	0.5
0	NOXA1	0.5
0	NTRK3	0.23975006109347674
0	PHRF1	0.5
0	POU5F2	0.5
0	PTEN	0.12410653949496181
0	PTPRN2	0.23975006109347674
0	SFI1	0.5
0	SLITRK5	0.5
0	THADA	0.5
0	TNFSF13	0.5
0	UBR4	0.5
0	USP9X	0.23975006109347674
0	WDR62	0.5
0	ZNF469	0.5
0	AGBL1	0.12410653949496181
0	AGL	0.5
0	AHSA1	0.5
0	ANKRD11	0.5
0	ATF7IP	0.5
0	B3GALNT1	0.5
0	CCDC88A	0.5
0	EHBP1L1	0.5
0	FAM98B	0.5
0	FOXJ2	0.5
0	FSIP2	0.5
0	HECW2	0.5
0	IFNLR1	0.5
0	ITGAM	0.5
0	KCNS2	0.5
0	KIAA1755	0.23975006109347674
0	KIF5B	0.5
0	KRTAP1-1	0.5
0	NLRP8	0.5
0	NPHS1	0.23975006109347674
0	PIAS2	0.5
0	POLR2A	0.5
0	PRDM8	0.5
0	PRKCG	0.5
0	RCN3	0.5
0	SLC9C2	0.5
0	SPAG17	0.23975006109347674
0	ST3GAL1	0.5
0	SYNE1	0.5
0	TMEM184B	0.5
0	TP53	0.012980025598278298
0	ALDH1A3	0.5
0	APOBEC1	0.5
0	C1orf167	0.5
0	CD52	0.5
0	CNDP1	0.5
0	FAM20C	0.5
0	FKBP9	0.5
0	GALK2	0.5
0	HAS3	0.5
0	INVS	0.5
0	MECOM	0.5
0	MRGPRX3	0.5
0	MROH9	0.5
0	MYT1	0.5
0	NRP2	0.5
0	OR5M1	0.5
0	SERPINB12	0.5
0	SOX13	0.5
0	SREK1IP1	0.5
0	UBQLN1	0.5
0	ZNF560	0.5
0	CREG2	0.5
0	CXorf66	0.5
0	DUSP21	0.5
0	DYNC2H1	0.23975006109347674
0	ECEL1	0.5
0	ELFN2	0.5
0	FAT4	0.12410653949496181
0	JAG1	0.5
0	KMT2C	0.5
0	MAPKAP1	0.5
0	MEGF10	0.5
0	MTL5	0.5
0	OXTR	0.5
0	PJA1	0.5
0	PLD6	0.5
0	REV1	0.5
0	RFX7	0.5
0	SH3TC1	0.5
0	TSC1	0.23975006109347674
0	TYMP	0.5
0	ZBTB16	0.5
0	ACTL10	0.5
0	ASTN1	0.5
0	AXDND1	0.27014568730370997
0	BEND6	0.5
0	CACNA1C	0.5
0	CACNA1F	0.5
0	CSF1R	0.5
0	DBP	0.5
0	FAM189B	0.23975006109347674
0	GRIN2B	0.23975006109347674
0	HSPA12B	0.5
0	ITIH6	0.5
0	MRPL49	0.5
0	PPRC1	0.23975006109347674
0	RCVRN	0.5
0	TCF4	0.5
0	ANP32A	0.5
0	BCLAF1	0.5
0	C10orf120	0.5
0	CEMIP	0.5
0	CHD4	0.23975006109347674
0	E2F7	0.23975006109347674
0	GRID2	0.5
0	LRRK1	0.5
0	LSM14A	0.5
0	MLXIPL	0.5
0	NFIA	0.23975006109347674
0	NPTX2	0.5
0	PROP1	0.5
0	SMARCA2	0.5
0	TACC3	0.23975006109347674
0	TMEM27	0.5
0	ZNF354C	0.5
0	ABCF2	0.5
0	AICDA	0.23975006109347674
0	AKAP10	0.5
0	CDKN1A	0.5
0	DMBT1	0.5
0	FGG	0.5
0	GRIK1	0.5
0	GRM3	0.23975006109347674
0	HAPLN1	0.5
0	HS6ST2	0.5
0	IGLON5	0.5
0	LRRC38	0.5
0	MAGEA10	0.5
0	MARCH5	0.5
0	PAN3	0.5
0	PCDH19	0.5
0	PON3	0.5
0	POTEF	0.5
0	PSMC6	0.5
0	PTPRZ1	0.5
0	RP1L1	0.5
0	SCN2A	0.5
0	SLC29A4	0.5
0	SOAT2	0.5
0	TMC1	0.5
0	TNXB	0.5
0	ZNF831	0.12410653949496181
0	ADCY7	0.5
0	BPIFC	0.5
0	DOCK7	0.23975006109347674
0	FAM168B	0.5
0	HDAC7	0.23975006109347674
0	HSPG2	0.23975006109347674
0	KCNQ4	0.5
0	KIAA0408	0.5
0	LARP7	0.5
0	MICALCL	0.5
0	PLCB1	0.5
0	PNMA5	0.5
0	RBBP6	0.5
0	RMDN2	0.5
0	SLC9A1	0.5
0	TNS2	0.5
0	UROC1	0.5
0	VARS2	0.5
0	ABCB11	0.5
0	ADAMTS15	0.5
0	DYX1C1	0.5
0	FER1L6	0.5
0	LETM1	0.5
0	MAP7D1	0.5
0	OR2M2	0.23975006109347674
0	PARD3B	0.23975006109347674
0	PRKCDBP	0.5
0	RNF43	0.5
0	SH3PXD2A	0.5
0	SLC22A23	0.5
0	UBA1	0.5
0	ADAMTS7	0.5
0	ANKS1B	0.5
0	DOT1L	0.5
0	EHMT2	0.5
0	EPHB1	0.5
0	HOXB4	0.5
0	KALRN	0.23975006109347674
0	TRAPPC8	0.5
0	TRIM11	0.5
0	AAGAB	0.5
0	CALD1	0.23975006109347674
0	CENPE	0.5
0	COCH	0.5
0	CYP2F1	0.5
0	DIMT1	0.5
0	DNM3	0.23975006109347674
0	ERG	0.5
0	FAM184A	0.5
0	GABRB3	0.5
0	HCN4	0.23975006109347674
0	HDLBP	0.5
0	INTS5	0.5
0	KDM2A	0.5
0	KIAA2018	0.5
0	MBTPS1	0.5
0	MPHOSPH10	0.5
0	NFKBIZ	0.5
0	NLRP4	0.5
0	OR9I1	0.5
0	PDE3A	0.5
0	PLD4	0.5
0	PLEKHB1	0.5
0	RBM27	0.5
0	RETSAT	0.5
0	SGSM3	0.5
0	STK11IP	0.5
0	TSHZ3	0.23975006109347674
0	TSPEAR	0.5
0	TTN	0.1029516053660342
0	WDFY4	0.5
0	ZFP37	0.5
0	ZFP82	0.5
0	ZNF260	0.5
0	ZNF365	0.5
0	ZNF462	0.5
0	ABCA12	0.5
0	CROT	0.5
0	DAAM2	0.5
0	DSC3	0.23975006109347674
0	GSN	0.5
0	IFI16	0.5
0	MGA	0.12410653949496181
0	MIS18BP1	0.5
0	NCAPH	0.23975006109347674
0	OR52L1	0.5
0	PER3	0.5
0	QRICH1	0.5
0	SLC35F5	0.5
0	TRIM3	0.5
0	USP54	0.5
0	AFF2	0.5
0	ANKRD17	0.5
0	ATAD3B	0.5
0	C19orf70	0.5
0	CACNA1G	0.23975006109347674
0	CASC5	0.23975006109347674
0	CXCL5	0.5
0	DHX36	0.5
0	GPSM1	0.5
0	IGKV3D-20	0.5
0	KDM6B	0.5
0	MIER3	0.5
0	PIK3C2B	0.5
0	PIKFYVE	0.23975006109347674
0	RNF103	0.5
0	SPATA5L1	0.5
0	TMEM150B	0.5
0	VCAN	0.5
0	XKR7	0.23975006109347674
0	ZBTB40	0.5
0	ZNF609	0.5
0	ZNF789	0.5
0	ADCY4	0.23975006109347674
0	AMIGO3	0.5
0	APCDD1	0.5
0	ASB15	0.5
0	ATAD3C	0.23975006109347674
0	CD276	0.23975006109347674
0	CMYA5	0.5
0	COL22A1	0.5
0	DIAPH3	0.5
0	FAM149A	0.5
0	FKBP4	0.5
0	FSTL4	0.5
0	FUBP3	0.5
0	GDF10	0.5
0	HES6	0.5
0	HIST1H2BO	0.5
0	HTRA3	0.5
0	ITSN2	0.5
0	KCNF1	0.5
0	KCNQ3	0.5
0	KCTD8	0.5
0	KIAA0753	0.5
0	LOX	0.5
0	METTL15	0.5
0	NEUROG1	0.5
0	NIPSNAP1	0.5
0	OPN4	0.5
0	PDZRN3	0.5
0	PDZRN4	0.5
0	PNPLA7	0.23975006109347674
0	PRSS45	0.5
0	PVRL2	0.5
0	RASAL1	0.23975006109347674
0	RNF167	0.5
0	ROBO1	0.23975006109347674
0	RP11-812E19.9	0.5
0	RUFY4	0.5
0	SCN10A	0.5
0	SCT	0.5
0	SERPINB8	0.5
0	SGK494	0.5
0	SHANK2	0.5
0	SLC18B1	0.5
0	SRGN	0.5
0	USP14	0.5
0	VAV3	0.5
0	WDR72	0.23975006109347674
0	ZNF845	0.5
0	AKT1S1	0.5
0	C3orf36	0.5
0	CFAP54	0.5
0	ELAVL4	0.5
0	ICE1	0.23975006109347674
0	PCDHGA2	0.5
0	PCDHGB1	0.5
0	PHACTR1	0.5
0	SLC4A5	0.23975006109347674
0	SSX3	0.5
0	TCP1	0.5
0	AFF3	0.23975006109347674
0	AIFM1	0.5
0	ARFGAP3	0.5
0	DPAGT1	0.5
0	ERBB3	0.23975006109347674
0	FGA	0.5
0	GALE	0.5
0	MAMLD1	0.5
0	MAP2	0.5
0	PLEKHM1	0.23975006109347674
0	RNF115	0.5
0	SHMT1	0.5
0	SLC9A5	0.5
0	TSC2	0.5
0	USP19	0.5
0	VPS13C	0.5
0	ZNF812	0.5
0	C17orf53	0.23975006109347674
0	CHIT1	0.5
0	CHRDL2	0.5
0	CHST3	0.5
0	CTSD	0.5
0	CUL7	0.5
0	DMD	0.5
0	DROSHA	0.5
0	ETNK1	0.5
0	HSPD1	0.5
0	IL18RAP	0.5
0	LAMA1	0.5
0	LRRC43	0.5
0	MAGEB2	0.5
0	MYCBP2	0.23975006109347674
0	NLRP6	0.5
0	NTSR1	0.5
0	NYAP2	0.5
0	PAX4	0.5
0	RCN1	0.5
0	RD3	0.5
0	RLTPR	0.5
0	RNF111	0.5
0	ROBO2	0.5
0	SSPO	0.23975006109347674
0	TIGD5	0.5
0	TKTL2	0.5
0	UGT8	0.5
0	ZFHX4	0.17288929307558015
0	ZNF133	0.23975006109347674
0	ACTR8	0.5
0	CUX2	0.5
0	KIAA1109	0.23975006109347674
0	NOSIP	0.5
0	NXPE3	0.5
0	OPRD1	0.5
0	OR11H12	0.5
0	OSBPL5	0.5
0	RC3H2	0.5
0	SESN1	0.5
0	SYBU	0.23975006109347674
0	SYT4	0.5
0	TFAP2C	0.5
0	TTC19	0.5
0	WDR66	0.5
0	AGBL4	0.5
0	ANK2	0.5
0	CACNA1H	0.5
0	COL17A1	0.5
0	COMMD6	0.5
0	CORO7	0.5
0	CSF2RB	0.12410653949496181
0	CXXC1	0.5
0	DSPP	0.5
0	EXOC1	0.5
0	FAM26F	0.5
0	GAB4	0.5
0	GRAMD1C	0.5
0	IGFBP5	0.5
0	KIDINS220	0.5
0	P3H4	0.5
0	PODXL	0.5
0	SH3KBP1	0.5
0	TAF1	0.5
0	TLK1	0.5
0	TTLL4	0.5
0	VIPR2	0.5
0	ATN1	0.5
0	ATP10B	0.23975006109347674
0	CARD10	0.5
0	CHRD	0.5
0	COL16A1	0.23975006109347674
0	CPSF7	0.5
0	FAM117B	0.5
0	GDPD5	0.5
0	ITGB4	0.5
0	KLHL33	0.5
0	MAPKBP1	0.5
0	OR10K1	0.5
0	SERPINA10	0.5
0	TAL1	0.5
0	TOP2B	0.5
0	VAPA	0.5
0	ARSK	0.5
0	ATP11B	0.5
0	CRHR2	0.5
0	DGKQ	0.5
0	DMXL2	0.5
0	DNAH9	0.5
0	GCC1	0.5
0	HNF1A	0.5
0	ITGA9	0.5
0	LILRB5	0.5
0	LMOD2	0.5
0	NFATC1	0.23975006109347674
0	NIN	0.12410653949496181
0	PMM1	0.5
0	SIGLEC5	0.5
0	SLC4A2	0.5
0	SQRDL	0.5
0	SYT9	0.5
0	TBC1D10C	0.5
0	TLR7	0.5
0	VMP1	0.5
0	WNK3	0.5
0	ZAN	0.12410653949496181
0	ZNF837	0.5
0	DUSP11	0.5
0	EPT1	0.5
0	EYA4	0.5
0	GDF5	0.5
0	KCMF1	0.5
0	KIF1A	0.5
0	LAMA3	0.23975006109347674
0	TUB	0.5
0	WNT3	0.5
0	ZNF629	0.5
0	BAG3	0.5
0	C9orf43	0.5
0	CNTN5	0.5
0	EPHX1	0.5
0	FAM160B2	0.5
0	FASTKD1	0.5
0	ITGAX	0.5
0	MEST	0.5
0	MTOR	0.23975006109347674
0	MUC16	0.06680720126885807
0	PAMR1	0.5
0	SCAPER	0.5
0	SECISBP2L	0.23975006109347674
0	SETD6	0.5
0	SPATA20	0.5
0	ZNF440	0.5
0	ZNF98	0.5
0	ABL1	0.5
0	BSN	0.23975006109347674
0	CACNA2D1	0.5
0	CHFR	0.5
0	CLCN2	0.23975006109347674
0	DRD3	0.5
0	EBF1	0.5
0	EYA1	0.23975006109347674
0	GEM	0.5
0	LTN1	0.23975006109347674
0	MAP1B	0.5
0	METTL25	0.5
0	MUC4	0.5
0	MYO1F	0.23975006109347674
0	NBEAL2	0.5
0	PTS	0.5
0	RASA1	0.5
0	RFX1	0.5
0	RYR1	0.23975006109347674
0	SACS	0.5
0	SEMA6B	0.5
0	SERPINB3	0.5
0	SNX25	0.23975006109347674
0	SYT7	0.5
0	TAS2R1	0.5
0	TIGIT	0.5
0	VCX3A	0.5
0	ADCY8	0.5
0	AOC1	0.5
0	CAP1	0.5
0	CRELD1	0.5
0	DNAH1	0.23975006109347674
0	ESCO1	0.5
0	FAM69C	0.5
0	FNIP2	0.5
0	GK2	0.23975006109347674
0	GRIA1	0.5
0	HIC2	0.5
0	HIVEP1	0.5
0	HSPA8	0.5
0	ICAM1	0.5
0	MFHAS1	0.5
0	MYH1	0.5
0	MYH7B	0.5
0	NRAP	0.5
0	PCSK5	0.23975006109347674
0	PPAPDC3	0.5
0	RBM3	0.5
0	RC3H1	0.5
0	RIMS2	0.5
0	TCHHL1	0.5
0	TMEM132B	0.5
0	TP63	0.12410653949496181
0	USP10	0.23975006109347674
0	ZCCHC5	0.5
0	ZNF280B	0.5
0	AACS	0.5
0	AHCYL2	0.5
0	CHIA	0.5
0	CTNNBL1	0.5
0	DNAH6	0.5
0	FOLR2	0.23975006109347674
0	GTF2H4	0.5
0	LRRTM2	0.5
0	MYPN	0.5
0	NCALD	0.5
0	OR5F1	0.5
0	POLR3C	0.5
0	PTPRE	0.5
0	SEC24C	0.5
0	SLC7A10	0.5
0	SORL1	0.5
0	SOS2	0.5
0	TET1	0.5
0	VAMP1	0.5
0	ZNF136	0.5
0	ABCE1	0.23975006109347674
0	APOL5	0.5
0	BIRC3	0.5
0	CDK13	0.5
0	CNOT4	0.5
0	DNAJA2	0.5
0	HCFC1	0.5
0	KCNH5	0.5
0	MUC5B	0.5
0	MYBPHL	0.5
0	MYO18B	0.23975006109347674
0	SEC23IP	0.5
0	SPTBN5	0.5
0	TANGO6	0.5
0	TMED1	0.5
0	TRIM22	0.5
0	ZNF799	0.5
0	BACE1	0.5
0	BDNF	0.5
0	BPTF	0.12410653949496181
0	CEP19	0.5
0	CHTF18	0.5
0	ELFN1	0.5
0	FAM86B2	0.23975006109347674
0	INPP4A	0.5
0	MROH2B	0.5
0	NAGA	0.5
0	NOTCH1	0.5
0	SPEG	0.5
0	SPINT2	0.5
0	TIAM1	0.5
0	ARC	0.5
0	ATG2A	0.12410653949496181
0	B3GALT5	0.5
0	DNASE2B	0.5
0	KBTBD6	0.5
0	NLRP7	0.23975006109347674
0	NYAP1	0.5
0	PRPF40A	0.5
0	PTPRD	0.23975006109347674
0	SCN3A	0.5
0	STX6	0.5
0	VSTM1	0.5
0	WFDC5	0.5
0	ZC3H12A	0.5
0	ZPR1	0.5
0	ACBD3	0.5
0	BHLHE40	0.5
0	C3orf38	0.5
0	CEP164	0.23975006109347674
0	CLASP2	0.23975006109347674
0	CPT2	0.5
0	MARCO	0.23975006109347674
0	MAST1	0.5
0	MPHOSPH8	0.23975006109347674
0	NDST4	0.5
0	OR10Z1	0.5
0	RPRD2	0.23975006109347674
0	SIGLEC14	0.5
0	TAGLN2	0.5
0	ZNF528	0.23975006109347674
0	GPRIN2	0.5
0	IQUB	0.5
0	UGT3A1	0.5
0	UPP1	0.5
0	ADCK5	0.5
0	BRD1	0.5
0	BRS3	0.5
0	CCDC62	0.5
0	CLCA1	0.5
0	CYP2E1	0.5
0	ERBB4	0.5
0	FGL2	0.5
0	HSP90AB1	0.5
0	JMJD1C	0.5
0	KIRREL	0.5
0	KRR1	0.5
0	LRP2	0.5
0	MDC1	0.5
0	MON2	0.5
0	NEDD4L	0.5
0	OR6N2	0.5
0	PDCD11	0.5
0	SCFD1	0.5
0	SCRIB	0.5
0	SHROOM2	0.5
0	TNS3	0.5
0	UNC13D	0.5
0	WNT2B	0.5
0	ACAN	0.5
0	AFF1	0.5
0	ARFGEF1	0.5
0	ARHGAP24	0.5
0	CEP126	0.5
0	DOCK3	0.23975006109347674
0	FOXD4L3	0.5
0	GJA10	0.5
0	GLP1R	0.5
0	NCAN	0.5
0	RPTOR	0.5
0	ADAMTS6	0.5
0	ARAP1	0.23975006109347674
0	CBR4	0.5
0	CEACAM5	0.5
0	CSDE1	0.5
0	DNAJB7	0.5
0	FLNA	0.5
0	GALNS	0.5
0	GFM1	0.5
0	GJC1	0.5
0	IGLV11-55	0.5
0	IGSF10	0.5
0	ITGB1	0.5
0	MUC17	0.5
0	MYH9	0.5
0	PAQR8	0.5
0	PCDHA11	0.23975006109347674
0	PNRC1	0.5
0	RGAG1	0.5
0	SHC1	0.5
0	SLC35D1	0.5
0	SPOCK3	0.5
0	SPTBN4	0.23975006109347674
0	SVIL	0.5
0	SYT16	0.5
0	TCOF1	0.5
0	TRIP11	0.5
0	ZNF155	0.5
0	ABCA6	0.5
0	AKR1C1	0.5
0	ANKRD27	0.5
0	ANKRD7	0.5
0	ARL4C	0.5
0	BAIAP2	0.5
0	BRSK2	0.5
0	C9orf72	0.5
0	COL1A1	0.5
0	CPLX2	0.5
0	CRNN	0.5
0	CSMD2	0.12410653949496181
0	CSMD3	0.5
0	CYP21A2	0.5
0	CYP4F11	0.5
0	DCLRE1C	0.5
0	DDRGK1	0.5
0	DDX50	0.23975006109347674
0	DIDO1	0.23975006109347674
0	DSG2	0.5
0	ESPL1	0.27014568730370997
0	F13B	0.5
0	FGFBP2	0.5
0	FMO3	0.5
0	GAL3ST3	0.5
0	GPR101	0.5
0	GPR161	0.5
0	GPR87	0.5
0	GRM7	0.5
0	ITGA3	0.5
0	KIF19	0.5
0	KYNU	0.5
0	LATS2	0.5
0	LEF1	0.5
0	MARCH1	0.5
0	MBD5	0.5
0	MCTP1	0.23975006109347674
0	MMP12	0.23975006109347674
0	MS4A5	0.5
0	NAF1	0.5
0	NRAS	0.5
0	NTM	0.5
0	OBSCN	0.5
0	PAPPA2	0.5
0	PKHD1L1	0.5
0	PRDX2	0.5
0	RFX6	0.5
0	ROR2	0.5
0	RTKN2	0.5
0	SEMA3A	0.5
0	SEMA6A	0.5
0	SETD1B	0.12410653949496181
0	SPEN	0.5
0	SSC4D	0.27014568730370997
0	SYT6	0.5
0	TIMM17A	0.5
0	TMUB2	0.5
0	UNC13A	0.5
0	WDR35	0.5
0	XPNPEP2	0.5
0	ZNF563	0.5
0	ZNF667	0.5
0	ABCA2	0.5
0	ABCB5	0.5
0	ABCC10	0.5
0	ABHD17A	0.5
0	ABTB2	0.5
0	ACIN1	0.5
0	ACOT12	0.5
0	ACSF3	0.5
0	ACTBL2	0.5
0	ADAMTS16	0.5
0	ADCK4	0.5
0	ADGRB1	0.23975006109347674
0	ADGRD1	0.23975006109347674
0	ADGRL1	0.5
0	ADORA2A	0.5
0	AGRN	0.5
0	AHNAK	0.5
0	AHNAK2	0.5
0	AIM1	0.5
0	AKAP9	0.5
0	ALPK3	0.5
0	AMH	0.5
0	ANAPC2	0.5
0	ANGPTL2	0.5
0	ANKRD52	0.5
0	ANKRD6	0.5
0	ANKRD66	0.5
0	AP1M1	0.5
0	AP1M2	0.5
0	AP3M2	0.5
0	APOBEC3G	0.5
0	AQP1	0.5
0	ARFGEF3	0.5
0	ARHGAP33	0.5
0	ARHGEF18	0.5
0	ARHGEF2	0.23975006109347674
0	ARRB1	0.5
0	ARSA	0.5
0	ASIC4	0.5
0	ATG2B	0.5
0	ATM	0.23975006109347674
0	ATP11A	0.5
0	ATP13A3	0.5
0	ATP2A3	0.5
0	ATP6V1B2	0.5
0	ATP9B	0.5
0	ATXN3L	0.5
0	ATXN7	0.5
0	BACH2	0.5
0	BCAS1	0.5
0	BCAS3	0.5
0	BCORL1	0.5
0	BIN1	0.5
0	BIRC6	0.23975006109347674
0	BMP7	0.5
0	BNC2	0.5
0	BOD1L1	0.5
0	BRF2	0.5
0	BRINP1	0.5
0	BSG	0.5
0	BTBD16	0.5
0	BUB1	0.5
0	C12orf60	0.5
0	C17orf70	0.5
0	C1orf168	0.5
0	C1orf174	0.5
0	C1R	0.5
0	C20orf195	0.5
0	C20orf196	0.5
0	C22orf29	0.5
0	C2orf16	0.5
0	C2orf57	0.5
0	C3orf20	0.23975006109347674
0	C3orf58	0.23975006109347674
0	C6orf165	0.5
0	C8orf48	0.5
0	C9orf64	0.5
0	CACHD1	0.5
0	CACNA1B	0.5
0	CACNA1D	0.5
0	CACNA1S	0.5
0	CALHM1	0.5
0	CAND2	0.5
0	CASZ1	0.5
0	CCDC112	0.5
0	CCDC144A	0.5
0	CCDC181	0.5
0	CCDC22	0.5
0	CCDC28B	0.5
0	CCDC33	0.5
0	CCKAR	0.5
0	CCT8L2	0.5
0	CDCA2	0.5
0	CDHR3	0.5
0	CDK6	0.5
0	CEACAM16	0.5
0	CECR2	0.5
0	CELSR1	0.5
0	CEMP1	0.5
0	CENPM	0.5
0	CEP152	0.5
0	CEP250	0.5
0	CGB5	0.5
0	CGGBP1	0.5
0	CHAF1A	0.5
0	CHD3	0.5
0	CHD7	0.5
0	CHEK2	0.5
0	CHORDC1	0.5
0	CHRNA4	0.5
0	CIART	0.5
0	CIDEC	0.5
0	CIT	0.5
0	CKB	0.5
0	CLHC1	0.5
0	CNTD2	0.5
0	CNTN2	0.5
0	COBLL1	0.5
0	COL23A1	0.5
0	COL28A1	0.5
0	COL5A1	0.5
0	COL7A1	0.23975006109347674
0	CORT	0.5
0	COX15	0.5
0	COX4I2	0.5
0	CPZ	0.5
0	CRYBG3	0.5
0	CSGALNACT1	0.5
0	CSPG4	0.5
0	CST5	0.5
0	CTIF	0.5
0	CTNNB1	0.5
0	CTTNBP2	0.5
0	CUL9	0.5
0	CYFIP1	0.5
0	CYP27B1	0.5
0	CYP2D6	0.5
0	DAB2	0.5
0	DCAF12L2	0.5
0	DCHS1	0.5
0	DCHS2	0.5
0	DCLK3	0.5
0	DCUN1D3	0.5
0	DDB1	0.5
0	DDR1	0.5
0	DECR1	0.5
0	DEF8	0.5
0	DENND3	0.5
0	DGKG	0.5
0	DIS3	0.5
0	DLG1	0.5
0	DMTN	0.5
0	DMXL1	0.5
0	DNAH3	0.5
0	DNAH8	0.5
0	DNAJC13	0.5
0	DNHD1	0.5
0	DNMT1	0.5
0	DOCK1	0.5
0	DOLPP1	0.5
0	DPYSL2	0.5
0	DSG4	0.5
0	DSP	0.5
0	DTNB	0.5
0	DUSP27	0.5
0	DUSP9	0.5
0	DYRK2	0.5
0	DYSF	0.5
0	EDN3	0.5
0	EFHB	0.5
0	EGR4	0.5
0	EHD3	0.5
0	EHD4	0.5
0	EIF4ENIF1	0.5
0	EIF4G1	0.5
0	ELAC2	0.23975006109347674
0	ELAVL3	0.5
0	ENOX2	0.5
0	ENPP2	0.5
0	EP400	0.5
0	EPHA10	0.5
0	EPHA8	0.5
0	EPPK1	0.5
0	ERF	0.5
0	EVI5L	0.5
0	FAM110A	0.5
0	FAM192A	0.5
0	FAM198A	0.5
0	FAM198B	0.5
0	FAM199X	0.5
0	FAM47C	0.5
0	FAM50B	0.5
0	FAM65C	0.5
0	FAT1	0.23975006109347674
0	FAT3	0.23975006109347674
0	FBN1	0.5
0	FBN3	0.5
0	FBXL13	0.5
0	FBXO24	0.5
0	FBXO3	0.5
0	FCGBP	0.5
0	FFAR2	0.5
0	FHAD1	0.5
0	FMR1	0.5
0	FOXI3	0.5
0	FPGS	0.5
0	FRAS1	0.23975006109347674
0	FTMT	0.5
0	FUBP1	0.5
0	FUT2	0.5
0	FUT6	0.5
0	GABRD	0.5
0	GABRG2	0.5
0	GADL1	0.5
0	GAL3ST1	0.5
0	GALNT7	0.5
0	GARS	0.5
0	GDF11	0.5
0	GDI2	0.5
0	GIT2	0.5
0	GLCE	0.5
0	GLT8D2	0.5
0	GLYATL3	0.5
0	GNAZ	0.5
0	GNPTAB	0.5
0	GOLGA2	0.5
0	GOLGA5	0.5
0	GPAA1	0.5
0	GPR137C	0.5
0	GPR179	0.5
0	GPR65	0.5
0	GRB7	0.5
0	GREB1L	0.5
0	GRIN2D	0.5
0	GRM8	0.5
0	GTF3C4	0.5
0	GTF3C5	0.5
0	GUCA2B	0.5
0	GYS1	0.5
0	H2BFM	0.5
0	HAPLN4	0.5
0	HDAC9	0.5
0	HECTD1	0.5
0	HERC2	0.5
0	HGSNAT	0.5
0	HIST1H1T	0.5
0	HIST1H3C	0.5
0	HIVEP3	0.5
0	HLA-DPB1	0.5
0	HMGXB3	0.5
0	HOMER2	0.5
0	HOOK3	0.5
0	HORMAD1	0.5
0	HOXC13	0.5
0	HPS1	0.5
0	HR	0.5
0	HRH3	0.5
0	HS3ST1	0.5
0	HS6ST3	0.5
0	HSPA1A	0.5
0	HTR6	0.5
0	HTT	0.5
0	HUWE1	0.5
0	ICAM4	0.5
0	IFFO1	0.5
0	IFT122	0.5
0	IFT140	0.5
0	IGHD	0.5
0	IGHV3OR16-9	0.5
0	IGLC3	0.5
0	IGLL5	0.5
0	IGLV3-12	0.5
0	IGSF3	0.5
0	IGSF5	0.5
0	IGSF9	0.5
0	IGSF9B	0.5
0	IKBKB	0.5
0	IL13RA1	0.5
0	IL1R1	0.5
0	IL2RA	0.5
0	ILF3	0.5
0	ILKAP	0.5
0	INCENP	0.5
0	INPP5B	0.5
0	INSRR	0.5
0	IRX6	0.5
0	ITGA7	0.5
0	ITGAE	0.5
0	ITGB5	0.5
0	ITPR2	0.5
0	ITPRIPL2	0.5
0	ITSN1	0.5
0	JAM3	0.5
0	JMJD4	0.5
0	JRK	0.5
0	KANK4	0.5
0	KCNA1	0.5
0	KCNB1	0.5
0	KCNC1	0.5
0	KCNG3	0.5
0	KCNH2	0.5
0	KCNJ1	0.5
0	KCNJ5	0.5
0	KCNQ2	0.5
0	KDELR3	0.23975006109347674
0	KIF18A	0.5
0	KIF4A	0.5
0	KLF14	0.5
0	KLHL42	0.5
0	KNDC1	0.5
0	KRT15	0.5
0	KRT2	0.5
0	KRT6A	0.5
0	KRT6C	0.5
0	KRTAP9-9	0.5
0	LAMB1	0.5
0	LAMB4	0.5
0	LAT2	0.5
0	LGI3	0.5
0	LIFR	0.5
0	LINGO2	0.5
0	LMAN1L	0.5
0	LMTK2	0.23975006109347674
0	LMTK3	0.5
0	LOH12CR1	0.5
0	LONP1	0.5
0	LPCAT3	0.5
0	LPIN3	0.5
0	LRP4	0.5
0	LRRC14	0.5
0	LYG2	0.5
0	LYPD3	0.5
0	LZTS1	0.5
0	MACF1	0.23975006109347674
0	MAGEL2	0.23975006109347674
0	MALL	0.5
0	MAP1A	0.5
0	MAP3K7	0.5
0	MAP4K1	0.5
0	MAPK15	0.5
0	MAST2	0.5
0	MATN2	0.5
0	MECP2	0.5
0	MEGF11	0.5
0	MEGF8	0.5
0	MFRP	0.5
0	MICAL1	0.5
0	MKI67	0.5
0	MKS1	0.5
0	MMP9	0.5
0	MOB3C	0.5
0	MON1B	0.5
0	MORC2	0.5
0	MRGBP	0.5
0	MROH5	0.5
0	MRPS30	0.5
0	MSH6	0.5
0	MSLN	0.5
0	MSRB1	0.5
0	MTUS1	0.5
0	MYH13	0.5
0	MYL10	0.5
0	MYO15A	0.5
0	MYO18A	0.5
0	MYO1H	0.5
0	MYO9A	0.5
0	MYOF	0.5
0	MYOM2	0.5
0	NACC1	0.5
0	NBEA	0.5
0	NCAPD3	0.5
0	NCDN	0.5
0	NCOA7	0.5
0	NDC80	0.5
0	NDE1	0.5
0	NDUFAF3	0.5
0	NEBL	0.5
0	NEK10	0.5
0	NEK9	0.5
0	NEMF	0.5
0	NF1	0.5
0	NFIX	0.5
0	NHSL2	0.5
0	NIPBL	0.5
0	NKX2-4	0.5
0	NLGN4X	0.5
0	NLRP1	0.5
0	NLRP10	0.5
0	NLRP3	0.5
0	NNT	0.5
0	NOC3L	0.5
0	NOP14	0.5
0	NOTCH3	0.5
0	NOX3	0.5
0	NPAS3	0.5
0	NPHP4	0.5
0	NR3C1	0.5
0	NR4A1	0.5
0	NRG2	0.5
0	NSMAF	0.5
0	NT5C1A	0.5
0	NT5C1B	0.5
0	NTF4	0.5
0	NTHL1	0.5
0	NTNG2	0.5
0	NUP205	0.5
0	NYNRIN	0.5
0	OAS1	0.5
0	OBSL1	0.5
0	OLFM2	0.5
0	OPRK1	0.5
0	OR2A7	0.5
0	OR4K13	0.5
0	OR5AU1	0.5
0	OR9A4	0.5
0	OSBPL8	0.5
0	OVOL2	0.5
0	PACS1	0.5
0	PADI4	0.5
0	PALD1	0.23975006109347674
0	PANK1	0.5
0	PARK2	0.5
0	PARP14	0.5
0	PBK	0.5
0	PCDH1	0.5
0	PCDHA8	0.23975006109347674
0	PCDHA9	0.23975006109347674
0	PCDHB9	0.5
0	PCDHGA4	0.23975006109347674
0	PCDHGB2	0.5
0	PCDHGB5	0.23975006109347674
0	PDE4DIP	0.5
0	PDE8B	0.5
0	PDXP	0.5
0	PER1	0.5
0	PGBD2	0.5
0	PHIP	0.5
0	PID1	0.5
0	PIGO	0.5
0	PIH1D2	0.5
0	PIK3R1	0.5
0	PIP5KL1	0.5
0	PITPNM1	0.5
0	PIWIL4	0.5
0	PJA2	0.5
0	PKHD1	0.5
0	PLA2G4B	0.5
0	PLA2G6	0.5
0	PLBD2	0.5
0	PLCG1	0.5
0	PLEC	0.5
0	PLEKHG6	0.5
0	PLEKHM2	0.5
0	PLEKHO2	0.5
0	PLIN2	0.5
0	PLIN4	0.5
0	PLXNA1	0.5
0	PLXNA2	0.5
0	PLXNB1	0.5
0	PLXNB2	0.5
0	PMEPA1	0.5
0	PNPLA6	0.5
0	POGZ	0.5
0	POLE	0.5
0	POLR1A	0.5
0	POR	0.5
0	POU2F2	0.5
0	PPAT	0.5
0	PPL	0.5
0	PPM1B	0.5
0	PPP1R16B	0.5
0	PPP4R2	0.5
0	PRDM1	0.5
0	PRDM2	0.23975006109347674
0	PRKAG1	0.5
0	PRKCB	0.5
0	PRNP	0.5
0	PROSER3	0.5
0	PRPF40B	0.5
0	PRRC2B	0.5
0	PRRG1	0.5
0	PRSS58	0.5
0	PRUNE2	0.5
0	PTGER4	0.5
0	PTTG2	0.5
0	QSOX1	0.5
0	QTRT1	0.5
0	R3HCC1	0.5
0	R3HDM2	0.5
0	RAB1B	0.5
0	RAB6B	0.5
0	RABEPK	0.5
0	RABL6	0.5
0	RAI14	0.5
0	RAPGEFL1	0.5
0	RARA	0.5
0	RASA3	0.5
0	RASGEF1B	0.5
0	RASGRP4	0.5
0	RASSF4	0.5
0	RB1	0.23975006109347674
0	RBCK1	0.5
0	RBFOX2	0.5
0	RBM25	0.5
0	RBM42	0.5
0	RECQL5	0.5
0	RGS3	0.5
0	RGSL1	0.5
0	RHBDL1	0.5
0	RIMBP3	0.23975006109347674
0	RIMKLB	0.5
0	RIN1	0.5
0	RND1	0.5
0	RNF10	0.5
0	RNF157	0.5
0	RNF208	0.5
0	RNF213	0.5
0	RNF222	0.5
0	ROPN1	0.5
0	RPL8	0.5
0	RPS6KA5	0.5
0	RREB1	0.5
0	RTL1	0.23975006109347674
0	RTN4	0.5
0	S100A4	0.5
0	S1PR4	0.5
0	SART1	0.5
0	SBF2	0.5
0	SCD5	0.5
0	SCGB3A1	0.5
0	SCNN1A	0.5
0	SELENBP1	0.5
0	SEMA4G	0.5
0	SEPN1	0.5
0	SEPT5	0.5
0	SERINC2	0.5
0	SEZ6L	0.5
0	SGTA	0.5
0	SH2D2A	0.5
0	SH3RF2	0.5
0	SHC3	0.5
0	SHROOM3	0.5
0	SIGLEC7	0.5
0	SIL1	0.5
0	SIN3B	0.23975006109347674
0	SLC12A9	0.5
0	SLC16A13	0.5
0	SLC1A6	0.5
0	SLC1A7	0.5
0	SLC20A2	0.23975006109347674
0	SLC22A13	0.5
0	SLC25A6	0.5
0	SLC26A1	0.5
0	SLC2A3	0.5
0	SLC2A8	0.5
0	SLC32A1	0.5
0	SLC38A10	0.5
0	SLC5A10	0.5
0	SLC6A11	0.5
0	SLC6A17	0.5
0	SLC6A2	0.5
0	SLC7A1	0.5
0	SLC7A8	0.5
0	SLIT2	0.5
0	SLIT3	0.5
0	SMARCB1	0.5
0	SMTNL2	0.5
0	SNRPB	0.5
0	SNX14	0.5
0	SNX33	0.5
0	SOGA1	0.5
0	SPATA2	0.5
0	SPATC1	0.5
0	SPATS1	0.5
0	SPERT	0.5
0	SPTAN1	0.5
0	SPTY2D1	0.5
0	SRCAP	0.5
0	SRPR	0.5
0	SRRT	0.5
0	SSC5D	0.5
0	SSMEM1	0.5
0	ST3GAL3	0.5
0	STAB1	0.5
0	STEAP2	0.5
0	STT3B	0.5
0	STXBP5	0.5
0	SULT1A2	0.5
0	SUPT16H	0.5
0	SUV420H1	0.5
0	SVOP	0.5
0	SYNDIG1	0.23975006109347674
0	SYNPO2	0.5
0	SYT17	0.5
0	SZT2	0.5
0	TAF10	0.5
0	TAOK3	0.5
0	TARBP2	0.5
0	TBC1D20	0.5
0	TBC1D22A	0.5
0	TBC1D7	0.5
0	TBL3	0.5
0	TBX19	0.5
0	TBX6	0.5
0	TCEB3B	0.23975006109347674
0	TCF20	0.5
0	TCF3	0.5
0	TCF7L1	0.5
0	TDRD9	0.5
0	TEP1	0.5
0	TET3	0.5
0	TEX10	0.5
0	TEX2	0.5
0	TG	0.23975006109347674
0	TGM7	0.5
0	THOC1	0.5
0	TIAM2	0.5
0	TINAG	0.5
0	TINF2	0.5
0	TJP1	0.5
0	TMC3	0.5
0	TMCO4	0.5
0	TMEM176B	0.5
0	TMEM177	0.5
0	TMEM184A	0.5
0	TMEM189	0.5
0	TMEM205	0.5
0	TMEM87A	0.5
0	TMPRSS12	0.5
0	TNC	0.5
0	TNPO2	0.5
0	TNRC6C	0.5
0	TOMM40	0.5
0	TP73	0.5
0	TPP1	0.5
0	TPR	0.23975006109347674
0	TRAF7	0.5
0	TRIM25	0.5
0	TRIM58	0.5
0	TRIOBP	0.5
0	TRPS1	0.5
0	TRRAP	0.23975006109347674
0	TSEN34	0.5
0	TSGA10IP	0.5
0	TSPAN14	0.5
0	TSPO	0.5
0	TSSK4	0.5
0	TTC12	0.5
0	TUBGCP6	0.5
0	UAP1L1	0.5
0	UBAP1L	0.5
0	UBD	0.5
0	UBR2	0.5
0	UCKL1	0.5
0	UCP1	0.5
0	UCP2	0.5
0	UMOD	0.5
0	UNC80	0.5
0	UQCRC2	0.5
0	URGCP	0.5
0	VCAM1	0.5
0	VDR	0.5
0	VEZT	0.5
0	VPS37C	0.5
0	WASL	0.5
0	WDR37	0.5
0	WDR7	0.5
0	WDR74	0.5
0	WDR88	0.5
0	WFDC1	0.5
0	WNT2	0.5
0	WTIP	0.5
0	XRCC4	0.5
0	YLPM1	0.5
0	YY1AP1	0.5
0	ZBP1	0.5
0	ZBTB48	0.5
0	ZBTB49	0.5
0	ZBTB7C	0.5
0	ZDHHC13	0.5
0	ZDHHC17	0.5
0	ZFAT	0.5
0	ZFHX3	0.5
0	ZFP36	0.5
0	ZFYVE1	0.5
0	ZFYVE19	0.5
0	ZHX2	0.5
0	ZNF234	0.5
0	ZNF263	0.5
0	ZNF280C	0.5
0	ZNF3	0.5
0	ZNF318	0.5
0	ZNF343	0.5
0	ZNF423	0.5
0	ZNF441	0.5
0	ZNF473	0.5
0	ZNF512B	0.5
0	ZNF526	0.5
0	ZNF569	0.5
0	ZNF618	0.5
0	ZNF621	0.5
0	ZNF628	0.5
0	ZNF646	0.5
0	ZNF737	0.5
0	ZNF773	0.5
0	ZNF776	0.5
0	ZNF805	0.5
0	ZNF839	0.5
0	ZNF878	0.5
0	ZNF879	0.5
0	ATP6V0A4	0.5
0	ATP8B2	0.5
0	CCDC168	0.5
0	CD5L	0.5
0	HDAC11	0.5
0	KIAA2026	0.5
0	LGI2	0.5
0	LRRIQ4	0.5
0	OR5D18	0.5
0	P2RX4	0.5
0	RASGRF1	0.5
0	SF1	0.5
0	UNC79	0.5
0	AARD	0.5
0	AJAP1	0.23975006109347674
0	CELSR2	0.5
0	CLTCL1	0.5
0	COL20A1	0.5
0	COL25A1	0.5
0	FAM71E2	0.5
0	FANCD2	0.5
0	FER1L5	0.5
0	FKTN	0.5
0	GAD1	0.5
0	GPR148	0.5
0	HPR	0.5
0	KREMEN1	0.5
0	LCT	0.5
0	MYO7A	0.23975006109347674
0	NHSL1	0.5
0	PBRM1	0.5
0	PPAP2C	0.5
0	SLC26A7	0.5
0	STAG1	0.5
0	WEE1	0.5
0	ZFP30	0.5
0	ZFR	0.5
0	ZNF319	0.23975006109347674
0	ABHD14A	0.5
0	ALPPL2	0.5
0	ANKHD1-EIF4EBP3	0.5
0	CALB2	0.5
0	CWF19L2	0.5
0	EIF2S3	0.5
0	ESR2	0.5
0	FANCA	0.5
0	FLAD1	0.5
0	HNRNPLL	0.5
0	IKZF1	0.5
0	INADL	0.5
0	KCNN4	0.5
0	KCNQ5	0.5
0	KIAA1429	0.5
0	KIR2DL1	0.5
0	KRTAP10-12	0.5
0	KRTAP10-4	0.5
0	LEPR	0.5
0	LRRC66	0.5
0	MAGED2	0.5
0	MTCH1	0.5
0	MTTP	0.5
0	N4BP2L2	0.5
0	NAP1L1	0.5
0	NLRC5	0.5
0	NPY1R	0.5
0	OR52N1	0.5
0	PHF5A	0.5
0	PLCE1	0.5
0	PPP6R2	0.23975006109347674
0	RAD23B	0.5
0	RGL1	0.5
0	SCN4A	0.5
0	SDHA	0.5
0	SLA2	0.23975006109347674
0	SLC25A36	0.5
0	SLC28A1	0.5
0	SRSF7	0.5
0	SULF2	0.5
0	SUSD4	0.5
0	TMEM51	0.5
0	TRPM7	0.5
0	TYRP1	0.5
0	UBQLN3	0.5
0	UGT1A1	0.5
0	VRTN	0.5
0	WNT1	0.5
0	ZNF142	0.5
0	ZNF264	0.5
0	ZNF592	0.5
0	C5	0.23975006109347674
0	CFAP69	0.5
0	CSRNP3	0.5
0	GLUD2	0.5
0	HCN1	0.27014568730370997
0	IGHD5-12	0.5
0	RIMS1	0.5
0	RNASEH2A	0.5
0	RUNX2	0.5
0	SLK	0.23975006109347674
0	WDR49	0.5
0	WWP1	0.5
0	ZZEF1	0.5
0	ADORA3	0.5
0	AUTS2	0.5
0	C9orf131	0.5
0	CC2D1A	0.5
0	CDC42BPG	0.5
0	FOXI1	0.5
0	GATA1	0.5
0	LPIN2	0.5
0	PCLO	0.5
0	PKD1	0.5
0	SENP5	0.5
0	SLC26A6	0.5
0	TBC1D13	0.5
0	TBC1D25	0.5
0	TBC1D5	0.5
0	TENM3	0.5
0	XYLT1	0.5
0	ABHD10	0.5
0	CD109	0.5
0	COL2A1	0.5
0	CPAMD8	0.23975006109347674
0	DAGLB	0.5
0	EIF5	0.5
0	FCRLA	0.5
0	HOXA9	0.5
0	ISLR	0.5
0	JAKMIP3	0.5
0	KAT6A	0.5
0	NAT8L	0.5
0	NECAB3	0.5
0	OR6A2	0.5
0	PCNA	0.5
0	RBM15	0.5
0	SMARCA5	0.5
0	TMIGD1	0.5
0	WNK2	0.5
0	ZCCHC8	0.5
0	ALG11	0.5
0	ATP6AP1	0.5
0	CTSF	0.5
0	DENND5B	0.5
0	GRIN3A	0.5
0	HNRNPF	0.5
0	HSD11B2	0.5
0	KCNT1	0.5
0	KIAA1551	0.5
0	OTOGL	0.5
0	SLC1A3	0.5
0	SLC6A19	0.5
0	SMCHD1	0.5
0	C5orf42	0.5
0	DDIT4	0.5
0	IGF2R	0.5
0	SEC16A	0.5
0	ZNF668	0.5
0	ATG7	0.5
0	DSCAML1	0.5
0	FAM13A	0.5
0	GPATCH4	0.5
0	HRC	0.5
0	ISCA1	0.5
0	SCN1A	0.5
0	SIRT3	0.5
0	SIX4	0.5
0	YDJC	0.5
0	ZNF419	0.5
0	ZNF497	0.5
0	ZNF846	0.5
0	ACSM2A	0.5
0	ADCY9	0.5
0	AOX1	0.5
0	C11orf80	0.5
0	C16orf59	0.5
0	CCSER1	0.5
0	COL6A5	0.5
0	CSMD1	0.23975006109347674
0	CTAGE8	0.5
0	CTCFL	0.5
0	DFFA	0.5
0	FAM162A	0.5
0	FAM83C	0.5
0	GLDC	0.5
0	GLRA1	0.5
0	ITGA11	0.5
0	IZUMO2	0.5
0	KLB	0.5
0	KLHDC2	0.5
0	KRT3	0.5
0	LRPPRC	0.5
0	LRRC25	0.5
0	MFAP5	0.5
0	MLYCD	0.5
0	NAB2	0.5
0	OR51M1	0.5
0	OR56A1	0.5
0	PPP1CC	0.5
0	PRKAG3	0.5
0	RPL18A	0.5
0	SCNN1D	0.5
0	SDK2	0.5
0	SLC15A2	0.5
0	SYNGAP1	0.5
0	TTC29	0.5
0	UBE3C	0.5
0	UQCRFS1	0.5
0	ZBED9	0.5
0	ZNF232	0.5
0	CCR2	0.5
0	ENO1	0.5
0	SPATA31E1	0.23975006109347674
0	SYP	0.5
0	ZNF106	0.5
0	ZNF793	0.5
0	AP2B1	0.5
0	CARD9	0.5
0	COL6A3	0.5
0	ECT2L	0.5
0	KLC2	0.5
0	MDN1	0.5
0	PDCD2L	0.5
0	PPP1R2	0.5
0	PZP	0.5
0	SLC22A11	0.5
0	ASTE1	0.5
0	ATP13A2	0.5
0	BRAP	0.5
0	C2orf49	0.5
0	CALML4	0.5
0	CCNL1	0.5
0	KAT7	0.5
0	LILRA1	0.5
0	LRRC6	0.5
0	MYRIP	0.5
0	QSER1	0.5
0	RBX1	0.5
0	SAXO1	0.5
0	SPAM1	0.5
0	SPG11	0.5
0	TAS1R3	0.5
0	TMEM31	0.5
0	VILL	0.5
0	WIPI1	0.5
0	ARID5B	0.5
0	ARSI	0.5
0	ASAH2	0.5
0	ATP7A	0.5
0	ATRX	0.5
0	BMP1	0.5
0	BPIFB3	0.5
0	BTBD3	0.5
0	C10orf12	0.5
0	C14orf166	0.5
0	CBLB	0.5
0	CD5	0.5
0	CELSR3	0.5
0	CLK4	0.5
0	COL14A1	0.5
0	DCAF10	0.5
0	DCANP1	0.5
0	DDI1	0.5
0	FAM179B	0.5
0	GOLGA6B	0.5
0	HIRA	0.5
0	KRT32	0.5
0	MOCS1	0.5
0	PLXNA4	0.5
0	PRDM16	0.5
0	PROX1	0.23975006109347674
0	RBL2	0.5
0	RIPK2	0.5
0	RTN2	0.5
0	SEMG2	0.5
0	SERTM1	0.5
0	SLC35B4	0.5
0	SMPD1	0.5
0	SPZ1	0.5
0	STS	0.5
0	TNRC18	0.5
0	TTC7B	0.5
0	YAP1	0.5
0	ZBTB46	0.5
0	ACTN4	0.5
0	ALK	0.5
0	ANO3	0.5
0	ANO5	0.5
0	ANTXR2	0.5
0	C19orf18	0.5
0	CAP2	0.5
0	EARS2	0.5
0	GPR158	0.5
0	GTF3C2	0.5
0	KIF17	0.5
0	MYF6	0.5
0	OR2W1	0.5
0	PDHA2	0.5
0	PPP1R13B	0.5
0	SALL2	0.5
0	SAXO2	0.5
0	TAS2R50	0.5
0	TMEM120A	0.5
0	TSC22D2	0.5
0	UQCC3	0.5
0	ADD2	0.5
0	ADGRL3	0.5
0	ADHFE1	0.5
0	CNBD2	0.5
0	ITGA2	0.5
0	KIAA1407	0.5
0	LMBRD2	0.5
0	LZTS2	0.5
0	OR13C2	0.5
0	PASK	0.5
0	RHOT2	0.5
0	RP11-545J16.1	0.5
0	SLC4A10	0.5
0	ADAMTS1	0.5
0	CLEC9A	0.5
0	CTDSPL	0.5
0	EXOC5	0.5
0	FAM179A	0.5
0	FAM86B1	0.5
0	GGH	0.5
0	MARCH9	0.5
0	ONECUT2	0.5
0	SLIT1	0.5
0	WLS	0.5
0	ZNF107	0.5
0	ZNF836	0.5
0	BRWD3	0.5
0	COL8A1	0.5
0	FAM160B1	0.5
0	FCGR2B	0.5
0	MAP9	0.5
0	OR51T1	0.5
0	SDR16C5	0.5
0	SMG1	0.5
0	SND1	0.5
0	UBR5	0.5
0	ZNF521	0.5
0	ZNF808	0.5
0	APMAP	0.5
0	FBXL5	0.5
0	FEZ1	0.5
0	GNAI1	0.5
0	GPR35	0.5
0	GYLTL1B	0.5
0	HECTD4	0.5
0	HRH1	0.5
0	LPIN1	0.5
0	OR10H2	0.23975006109347674
0	PCDH15	0.5
0	PEG3	0.5
0	PTPRF	0.5
0	RCOR2	0.5
0	SETD1A	0.5
0	TRAPPC9	0.5
0	ADGRA2	0.5
0	ADGRV1	0.5
0	ARSD	0.5
0	BRINP3	0.5
0	CPPED1	0.5
0	DGKA	0.5
0	DYNC1I1	0.5
0	EVL	0.5
0	ING1	0.5
0	KRT34	0.5
0	KRT5	0.5
0	LCAT	0.5
0	MYADML2	0.5
0	OR4M1	0.5
0	RANBP17	0.5
0	USP37	0.5
0	XDH	0.5
0	ZNF615	0.5
0	ARHGAP32	0.5
0	ARHGEF3	0.5
0	C15orf59	0.5
0	CCDC185	0.5
0	CD80	0.5
0	CLECL1	0.5
0	FMNL3	0.5
0	OR1S2	0.5
0	SLC6A14	0.5
0	TGM3	0.5
0	UCN3	0.5
0	YTHDC1	0.5
0	ADAMTS2	0.5
0	CAPN11	0.5
0	CYP1A2	0.5
0	LIPC	0.5
0	P4HB	0.5
0	PDZD11	0.5
0	PPP1R9A	0.5
0	PPP6C	0.5
0	RPS6KA6	0.5
0	SOX30	0.5
0	UGT1A9	0.5
0	ZBTB43	0.5
0	ZNF658	0.5
